Date,Region,Population
2021-09-01 00:00:00.000,"NSW",8096719
2021-09-01 00:00:00.000,"VIC",6543116
2021-09-01 00:00:00.000,"QLD",5230029
2021-09-01 00:00:00.000,"SA",1803789
2021-09-01 00:00:00.000,"TAS",567829
2021-12-01 00:00:00.000,"NSW",8117057
2021-12-01 00:00:00.000,"VIC",6555013
2021-12-01 00:00:00.000,"QLD",5249672
2021-12-01 00:00:00.000,"SA",1807839
2021-12-01 00:00:00.000,"TAS",569609
2022-03-01 00:00:00.000,"NSW",8153203
2022-03-01 00:00:00.000,"VIC",6591580
2022-03-01 00:00:00.000,"QLD",5283479
2022-03-01 00:00:00.000,"SA",1818356
2022-03-01 00:00:00.000,"TAS",571384
2022-06-01 00:00:00.000,"NSW",8182098
2022-06-01 00:00:00.000,"VIC",6615232
2022-06-01 00:00:00.000,"QLD",5310905
2022-06-01 00:00:00.000,"SA",1824969
2022-06-01 00:00:00.000,"TAS",572300
2022-09-01 00:00:00.000,"NSW",8223908
2022-09-01 00:00:00.000,"VIC",6657690
2022-09-01 00:00:00.000,"QLD",5342317
2022-09-01 00:00:00.000,"SA",1833331
2022-09-01 00:00:00.000,"TAS",572790
2022-12-01 00:00:00.000,"NSW",8264048
2022-12-01 00:00:00.000,"VIC",6700395
2022-12-01 00:00:00.000,"QLD",5376678
2022-12-01 00:00:00.000,"SA",1840187
2022-12-01 00:00:00.000,"TAS",573343
2023-03-01 00:00:00.000,"NSW",8317329
2023-03-01 00:00:00.000,"VIC",6757251
2023-03-01 00:00:00.000,"QLD",5415786
2023-03-01 00:00:00.000,"SA",1851014
2023-03-01 00:00:00.000,"TAS",573836
2023-06-01 00:00:00.000,"NSW",8356387
2023-06-01 00:00:00.000,"VIC",6797169
2023-06-01 00:00:00.000,"QLD",5450235
2023-06-01 00:00:00.000,"SA",1857646
2023-06-01 00:00:00.000,"TAS",573731
2023-09-01 00:00:00.000,"NSW",8406338
2023-09-01 00:00:00.000,"VIC",6845666
2023-09-01 00:00:00.000,"QLD",5485974
2023-09-01 00:00:00.000,"SA",1865760
2023-09-01 00:00:00.000,"TAS",573819
2023-12-01 00:00:00.000,"NSW",8437334
2023-12-01 00:00:00.000,"VIC",6881068
2023-12-01 00:00:00.000,"QLD",5516476
2023-12-01 00:00:00.000,"SA",1870937
2023-12-01 00:00:00.000,"TAS",574214
2024-03-01 00:00:00.000,"NSW",8477401
2024-03-01 00:00:00.000,"VIC",6928534
2024-03-01 00:00:00.000,"QLD",5548832
2024-03-01 00:00:00.000,"SA",1878655
2024-03-01 00:00:00.000,"TAS",574965
2024-06-01 00:00:00.000,"NSW",8492050
2024-06-01 00:00:00.000,"VIC",6950961
2024-06-01 00:00:00.000,"QLD",5571890
2024-06-01 00:00:00.000,"SA",1882164
2024-06-01 00:00:00.000,"TAS",574765
2024-09-01 00:00:00.000,"NSW",8518897
2024-09-01 00:00:00.000,"VIC",6981705
2024-09-01 00:00:00.000,"QLD",5595403
2024-09-01 00:00:00.000,"SA",1886818
2024-09-01 00:00:00.000,"TAS",575339
2024-12-01 00:00:00.000,"NSW",8536474
2024-12-01 00:00:00.000,"VIC",7004598
2024-12-01 00:00:00.000,"QLD",5619962
2024-12-01 00:00:00.000,"SA",1890825
2024-12-01 00:00:00.000,"TAS",576202
2025-03-01 00:00:00.000,"NSW",8572598
2025-03-01 00:00:00.000,"VIC",7047231
2025-03-01 00:00:00.000,"QLD",5648685
2025-03-01 00:00:00.000,"SA",1898209
2025-03-01 00:00:00.000,"TAS",577202
2025-06-01 00:00:00.000,"NSW",8590113
2025-06-01 00:00:00.000,"VIC",7069856
2025-06-01 00:00:00.000,"QLD",5669915
2025-06-01 00:00:00.000,"SA",1901615
2025-06-01 00:00:00.000,"TAS",577770
2025-09-01 00:00:00.000,"NSW",8622501
2025-09-01 00:00:00.000,"VIC",7099861
2025-09-01 00:00:00.000,"QLD",5692660
2025-09-01 00:00:00.000,"SA",1907070
2025-09-01 00:00:00.000,"TAS",578326
2025-12-01 00:00:00.000,"NSW",8641085
2025-12-01 00:00:00.000,"VIC",7121913
2025-12-01 00:00:00.000,"QLD",5712124
2025-12-01 00:00:00.000,"SA",1910553
2025-12-01 00:00:00.000,"TAS",579110
